file_name,website
Part15 PX2 Declaration WIllis GoDaddy.txt,"new6reports.com,"
Part15 PX2 Declaration WIllis GoDaddy.txt,news9diet.com.
Part15 PX2 Declaration WIllis GoDaddy.txt,new6reports.com.
Part15 PX2 Declaration WIllis GoDaddy.txt,ns1.coulombmedia.com
Part15 PX2 Declaration WIllis GoDaddy.txt,ns2coulombmedia.com.
Part15 PX2 Declaration WIllis GoDaddy.txt,new6reports.com
Part15 PX2 Declaration WIllis GoDaddy.txt,news9diet.com.
Part15 PX2 Declaration WIllis GoDaddy.txt,newé6reports.com
Part15 PX2 Declaration WIllis GoDaddy.txt,ns1.coulombmedia.com
Part15 PX2 Declaration WIllis GoDaddy.txt,ns2.coulombmedia.com.
Part15 PX2 Declaration WIllis GoDaddy.txt,new6reports.com.
Part15 PX2 Declaration WIllis GoDaddy.txt,news9diet.com
Part15 PX2 Declaration WIllis GoDaddy.txt,news9diet.com
Part15 PX2 Declaration WIllis GoDaddy.txt,ns2.news9diet.com.
Part15 PX2 Declaration WIllis GoDaddy.txt,news9diet.com.
Part15 PX2 Declaration WIllis GoDaddy.txt,fastdietdaily.com
Part15 PX2 Declaration WIllis GoDaddy.txt,theworkdaily.com
Part15 PX2 Declaration WIllis GoDaddy.txt,newsSdiet.com
Part15 PX2 Declaration WIllis GoDaddy.txt,news7health.com
Part15 PX2 Declaration WIllis GoDaddy.txt,fF7news.com
Part15 PX2 Declaration WIllis GoDaddy.txt,advestmentmedia.com
Part15 PX2 Declaration WIllis GoDaddy.txt,new6reports.com
Part15 PX2 Declaration WIllis GoDaddy.txt,tv9newstoday.com
Part15 PX2 Declaration WIllis GoDaddy.txt,fdx8news.com
Part15 PX2 Declaration WIllis GoDaddy.txt,americanhealthgazette.com
Part15 PX2 Declaration WIllis GoDaddy.txt,americandentalpost.com
Part15 PX2 Declaration WIllis GoDaddy.txt,nbsnewsat6.com
Part15 PX2 Declaration WIllis GoDaddy.txt,consumerproductsdaily.com
Part15 PX2 Declaration WIllis GoDaddy.txt,mynewschannel13.com
Domains (Name.com).txt,"new6reports.com,"
Domains (Name.com).txt,news9diet.com.
Domains (Name.com).txt,new6reports.com.
Domains (Name.com).txt,ns1.coulombmedia.com
Domains (Name.com).txt,ns2coulombmedia.com.
Domains (Name.com).txt,new6reports.com
Domains (Name.com).txt,news9diet.com.
Domains (Name.com).txt,newé6reports.com
Domains (Name.com).txt,ns1.coulombmedia.com
Domains (Name.com).txt,ns2.coulombmedia.com.
Domains (Name.com).txt,new6reports.com.
Domains (Name.com).txt,news9diet.com
Domains (Name.com).txt,news9diet.com
Domains (Name.com).txt,ns2.news9diet.com.
Domains (Name.com).txt,news9diet.com.
Domains (Name.com).txt,fastdietdaily.com
Domains (Name.com).txt,theworkdaily.com
Domains (Name.com).txt,newsSdiet.com
Domains (Name.com).txt,news7health.com
Domains (Name.com).txt,fF7news.com
Domains (Name.com).txt,advestmentmedia.com
Domains (Name.com).txt,new6reports.com
Domains (Name.com).txt,tv9newstoday.com
Domains (Name.com).txt,fdx8news.com
Domains (Name.com).txt,"new6reports.com,"
Domains (Name.com).txt,news9diet.com.
Domains (Name.com).txt,new6reports.com.
Domains (Name.com).txt,ns1.coulombmedia.com
Domains (Name.com).txt,ns2coulombmedia.com.
Domains (Name.com).txt,new6reports.com
Domains (Name.com).txt,news9diet.com.
Domains (Name.com).txt,newé6reports.com
Domains (Name.com).txt,ns1.coulombmedia.com
Domains (Name.com).txt,ns2.coulombmedia.com.
Domains (Name.com).txt,new6reports.com.
Domains (Name.com).txt,news9diet.com
Domains (Name.com).txt,news9diet.com
Domains (Name.com).txt,ns2.news9diet.com.
Domains (Name.com).txt,news9diet.com.
Domains (Name.com).txt,fastdietdaily.com
Domains (Name.com).txt,theworkdaily.com
Domains (Name.com).txt,newsSdiet.com
Domains (Name.com).txt,news7health.com
Domains (Name.com).txt,fF7news.com
Domains (Name.com).txt,advestmentmedia.com
Domains (Name.com).txt,new6reports.com
Domains (Name.com).txt,tv9newstoday.com
Domains (Name.com).txt,fdx8news.com
